[Header],,,
FileFormatVersion,2,,
InstrumentPlatform,NovaSeqX,,
RunName,22NWWGLT3,,

[Reads],,,
Read1Cycles,151,,
Index1Cycles,8,,
Index2Cycles,8,,
Read2Cycles,151,,

[BCLConvert_Settings],,,
SoftwareVersion,4.2.7,,
FastqCompressionFormat,gzip,,

[BCLConvert_Data],,,
Lane,Sample_ID,index,index2
['1', '2', '3', '4', '5', '6', '7', '8'],WAR6617A1,CGAATTGC,GTAAGGTG
['1', '2', '3', '4', '5', '6', '7', '8'],WAR6617A2,GGAAGAGA,CGAGAGAA
['1', '2', '3', '4', '5', '6', '7', '8'],WAR6617A5,ACTTGACT,AACGAACT
['1', '2', '3', '4', '5', '6', '7', '8'],WAR6617A6,TCTTCTCG,TATCTCAT
